<?xml version="1.0" encoding="UTF-8"?>
<!DOCTYPE plist PUBLIC "-//Apple//DTD PLIST 1.0//EN" "http://www.apple.com/DTDs/PropertyList-1.0.dtd">
<plist version="1.0">
<array>
	<dict>
		<key>area</key>
		<real>11664</real>
		<key>height</key>
		<real>108</real>
		<key>name</key>
		<string>bubble</string>
		<key>scale</key>
		<real>1</real>
		<key>type</key>
		<integer>0</integer>
		<key>width</key>
		<real>108</real>
		<key>xLocation</key>
		<real>1</real>
		<key>xOffset</key>
		<real>0.0</real>
		<key>xPlayerOffset</key>
		<real>0.0</real>
		<key>yLocation</key>
		<real>147</real>
		<key>yOffset</key>
		<real>0.0</real>
		<key>yPlayerOffset</key>
		<real>0.0</real>
		<key>zOffset</key>
		<real>0.0</real>
		<key>zPlayerOffset</key>
		<real>0.0</real>
		<key>zRotation</key>
		<real>0.0</real>
	</dict>
	<dict>
		<key>area</key>
		<real>8649</real>
		<key>height</key>
		<real>93</real>
		<key>name</key>
		<string>snowFlake</string>
		<key>scale</key>
		<real>1</real>
		<key>type</key>
		<integer>0</integer>
		<key>width</key>
		<real>93</real>
		<key>xLocation</key>
		<real>111</real>
		<key>xOffset</key>
		<real>0.5</real>
		<key>xPlayerOffset</key>
		<real>0.0</real>
		<key>yLocation</key>
		<real>162</real>
		<key>yOffset</key>
		<real>-0.5</real>
		<key>yPlayerOffset</key>
		<real>0.0</real>
		<key>zOffset</key>
		<real>0.0</real>
		<key>zPlayerOffset</key>
		<real>0.0</real>
		<key>zRotation</key>
		<real>0.0</real>
	</dict>
	<dict>
		<key>area</key>
		<real>3840</real>
		<key>height</key>
		<real>60</real>
		<key>name</key>
		<string>leaf</string>
		<key>scale</key>
		<real>1</real>
		<key>type</key>
		<integer>0</integer>
		<key>width</key>
		<real>64</real>
		<key>xLocation</key>
		<real>111</real>
		<key>xOffset</key>
		<real>0.0</real>
		<key>xPlayerOffset</key>
		<real>0.0</real>
		<key>yLocation</key>
		<real>100</real>
		<key>yOffset</key>
		<real>0.0</real>
		<key>yPlayerOffset</key>
		<real>0.0</real>
		<key>zOffset</key>
		<real>0.0</real>
		<key>zPlayerOffset</key>
		<real>0.0</real>
		<key>zRotation</key>
		<real>0.0</real>
	</dict>
	<dict>
		<key>area</key>
		<real>1806</real>
		<key>height</key>
		<real>43</real>
		<key>name</key>
		<string>blueBlur</string>
		<key>scale</key>
		<real>1</real>
		<key>type</key>
		<integer>0</integer>
		<key>width</key>
		<real>42</real>
		<key>xLocation</key>
		<real>206</real>
		<key>xOffset</key>
		<real>0.0</real>
		<key>xPlayerOffset</key>
		<real>0.0</real>
		<key>yLocation</key>
		<real>212</real>
		<key>yOffset</key>
		<real>0.5</real>
		<key>yPlayerOffset</key>
		<real>0.0</real>
		<key>zOffset</key>
		<real>0.0</real>
		<key>zPlayerOffset</key>
		<real>0.0</real>
		<key>zRotation</key>
		<real>0.0</real>
	</dict>
	<dict>
		<key>area</key>
		<real>1224</real>
		<key>height</key>
		<real>36</real>
		<key>name</key>
		<string>bang2</string>
		<key>scale</key>
		<real>1</real>
		<key>type</key>
		<integer>0</integer>
		<key>width</key>
		<real>34</real>
		<key>xLocation</key>
		<real>206</real>
		<key>xOffset</key>
		<real>0.0</real>
		<key>xPlayerOffset</key>
		<real>0.0</real>
		<key>yLocation</key>
		<real>174</real>
		<key>yOffset</key>
		<real>0.0</real>
		<key>yPlayerOffset</key>
		<real>0.0</real>
		<key>zOffset</key>
		<real>0.0</real>
		<key>zPlayerOffset</key>
		<real>0.0</real>
		<key>zRotation</key>
		<real>0.0</real>
	</dict>
	<dict>
		<key>area</key>
		<real>625</real>
		<key>height</key>
		<real>25</real>
		<key>name</key>
		<string>whiteBlur</string>
		<key>scale</key>
		<real>1</real>
		<key>type</key>
		<integer>0</integer>
		<key>width</key>
		<real>25</real>
		<key>xLocation</key>
		<real>206</real>
		<key>xOffset</key>
		<real>0.0</real>
		<key>xPlayerOffset</key>
		<real>0.0</real>
		<key>yLocation</key>
		<real>147</real>
		<key>yOffset</key>
		<real>0.0</real>
		<key>yPlayerOffset</key>
		<real>0.0</real>
		<key>zOffset</key>
		<real>0.0</real>
		<key>zPlayerOffset</key>
		<real>0.0</real>
		<key>zRotation</key>
		<real>0.0</real>
	</dict>
	<dict>
		<key>area</key>
		<real>576</real>
		<key>height</key>
		<real>24</real>
		<key>name</key>
		<string>whiteSubtle</string>
		<key>scale</key>
		<real>1</real>
		<key>type</key>
		<integer>0</integer>
		<key>width</key>
		<real>24</real>
		<key>xLocation</key>
		<real>3</real>
		<key>xOffset</key>
		<real>-0.5</real>
		<key>xPlayerOffset</key>
		<real>0.0</real>
		<key>yLocation</key>
		<real>121</real>
		<key>yOffset</key>
		<real>-0.5</real>
		<key>yPlayerOffset</key>
		<real>0.0</real>
		<key>zOffset</key>
		<real>0.0</real>
		<key>zPlayerOffset</key>
		<real>0.0</real>
		<key>zRotation</key>
		<real>0.0</real>
	</dict>
	<dict>
		<key>area</key>
		<real>575</real>
		<key>height</key>
		<real>25</real>
		<key>name</key>
		<string>lightBlur</string>
		<key>scale</key>
		<real>1</real>
		<key>type</key>
		<integer>0</integer>
		<key>width</key>
		<real>23</real>
		<key>xLocation</key>
		<real>29</real>
		<key>xOffset</key>
		<real>0.0</real>
		<key>xPlayerOffset</key>
		<real>0.0</real>
		<key>yLocation</key>
		<real>120</real>
		<key>yOffset</key>
		<real>0.0</real>
		<key>yPlayerOffset</key>
		<real>0.0</real>
		<key>zOffset</key>
		<real>0.0</real>
		<key>zPlayerOffset</key>
		<real>0.0</real>
		<key>zRotation</key>
		<real>0.0</real>
	</dict>
	<dict>
		<key>area</key>
		<real>240</real>
		<key>height</key>
		<real>16</real>
		<key>name</key>
		<string>redBlur</string>
		<key>scale</key>
		<real>1</real>
		<key>type</key>
		<integer>0</integer>
		<key>width</key>
		<real>15</real>
		<key>xLocation</key>
		<real>177</real>
		<key>xOffset</key>
		<real>0.0</real>
		<key>xPlayerOffset</key>
		<real>0.0</real>
		<key>yLocation</key>
		<real>144</real>
		<key>yOffset</key>
		<real>0.5</real>
		<key>yPlayerOffset</key>
		<real>0.0</real>
		<key>zOffset</key>
		<real>0.0</real>
		<key>zPlayerOffset</key>
		<real>0.0</real>
		<key>zRotation</key>
		<real>0.0</real>
	</dict>
</array>
</plist>
